{"cameraMode":{"drawMode":0,"name":"Shaded","section":"Shading Mode"},"sceneLighting":true,"audioPlay":false,"sceneViewState":{"m_AlwaysRefresh":false,"showFog":true,"showSkybox":true,"showFlares":true,"showImageEffects":true,"showParticleSystems":true,"showVisualEffectGraphs":true,"m_FxEnabled":true},"in2DMode":false,"pivot":{"x":-1.340246319770813,"y":0.22128915786743165,"z":1.374035358428955},"rotation":{"x":0.1725025177001953,"y":0.017729124054312707,"z":-0.0031053777784109117,"w":0.9848448038101196},"size":13.125879287719727,"orthographic":false}