{"cameraMode":{"drawMode":0,"name":"Shaded","section":"Shading Mode"},"sceneLighting":true,"audioPlay":false,"sceneViewState":{"m_AlwaysRefresh":false,"showFog":true,"showSkybox":true,"showFlares":true,"showImageEffects":true,"showParticleSystems":true,"showVisualEffectGraphs":true,"m_FxEnabled":true},"in2DMode":false,"pivot":{"x":0.6175708770751953,"y":0.8364734649658203,"z":0.34282636642456057},"rotation":{"x":0.35396939516067507,"y":-0.2515372931957245,"z":0.09944118559360504,"w":0.8953060507774353},"size":11.13355541229248,"orthographic":false}