{"cameraMode":{"drawMode":0,"name":"Shaded","section":"Shading Mode"},"sceneLighting":true,"audioPlay":false,"sceneViewState":{"m_AlwaysRefresh":false,"showFog":true,"showSkybox":true,"showFlares":true,"showImageEffects":true,"showParticleSystems":true,"showVisualEffectGraphs":true,"m_FxEnabled":true},"in2DMode":false,"pivot":{"x":0.15683531761169434,"y":-2.2182841300964357,"z":0.4378972053527832},"rotation":{"x":0.1725025177001953,"y":0.017729124054312707,"z":-0.0031053777784109117,"w":0.9848448038101196},"size":15.495014190673829,"orthographic":false}