{"cameraMode":{"drawMode":0,"name":"Shaded","section":"Shading Mode"},"sceneLighting":true,"audioPlay":false,"sceneViewState":{"m_AlwaysRefresh":false,"showFog":true,"showSkybox":true,"showFlares":true,"showImageEffects":true,"showParticleSystems":true,"showVisualEffectGraphs":true,"m_FxEnabled":true},"in2DMode":false,"pivot":{"x":0.2537473738193512,"y":-1.88279390335083,"z":4.8701982498168949},"rotation":{"x":0.3815757632255554,"y":-0.0005561330472119153,"z":0.00022953099687583745,"w":0.9243385791778565},"size":6.560602188110352,"orthographic":false}