{"cameraMode":{"drawMode":0,"name":"Shaded","section":"Shading Mode"},"sceneLighting":true,"audioPlay":false,"sceneViewState":{"m_AlwaysRefresh":false,"showFog":true,"showSkybox":true,"showFlares":true,"showImageEffects":true,"showParticleSystems":true,"showVisualEffectGraphs":true,"m_FxEnabled":true},"in2DMode":false,"pivot":{"x":-1.6086982488632203,"y":1.228121280670166,"z":1.7477002143859864},"rotation":{"x":0.1725025177001953,"y":0.017729124054312707,"z":-0.0031053777784109117,"w":0.9848448038101196},"size":13.125879287719727,"orthographic":false}