{"cameraMode":{"drawMode":0,"name":"Shaded","section":"Shading Mode"},"sceneLighting":false,"audioPlay":false,"sceneViewState":{"m_AlwaysRefresh":false,"showFog":true,"showSkybox":false,"showFlares":true,"showImageEffects":true,"showParticleSystems":true,"showVisualEffectGraphs":true,"m_FxEnabled":true},"in2DMode":false,"pivot":{"x":0.38454723358154299,"y":-0.863501787185669,"z":0.011128496378660202},"rotation":{"x":0.005710093304514885,"y":-0.9621050953865051,"z":0.02020718902349472,"w":0.2718701660633087},"size":3.894122362136841,"orthographic":true}