{"cameraMode":{"drawMode":0,"name":"Shaded","section":"Shading Mode"},"sceneLighting":false,"audioPlay":false,"sceneViewState":{"m_AlwaysRefresh":false,"showFog":true,"showSkybox":false,"showFlares":true,"showImageEffects":true,"showParticleSystems":true,"showVisualEffectGraphs":true,"m_FxEnabled":true},"in2DMode":false,"pivot":{"x":-1.9925506114959717,"y":0.9386564493179321,"z":1.7643961906433106},"rotation":{"x":-0.030335430055856706,"y":-0.9183098673820496,"z":0.071773961186409,"w":-0.38813459873199465},"size":2.223374605178833,"orthographic":true}