{"cameraMode":{"drawMode":0,"name":"Shaded","section":"Shading Mode"},"sceneLighting":false,"audioPlay":false,"sceneViewState":{"m_AlwaysRefresh":false,"showFog":true,"showSkybox":false,"showFlares":true,"showImageEffects":true,"showParticleSystems":true,"showVisualEffectGraphs":true,"m_FxEnabled":true},"in2DMode":false,"pivot":{"x":0.03721556067466736,"y":0.7072166800498962,"z":0.16381463408470155},"rotation":{"x":-0.012009683065116406,"y":0.7447197437286377,"z":-0.013406422920525074,"w":-0.6671345233917236},"size":1.8229641914367676,"orthographic":true}